{
  "project_info": {
    "project_number": "672597479717",
    "project_id": "house-keeping-efa97",
    "storage_bucket": "house-keeping-efa97.appspot.com"
  },
  "client": [
    {
      "client_info": {
        "mobilesdk_app_id": "1:672597479717:android:276e605d5a78d0b1d54acc",
        "android_client_info": {
          "package_name": "com.example.navigation"
        }
      },
      "oauth_client": [
        {
          "client_id": "672597479717-djatjvisv3tijr9h3c4548rea1nihphi.apps.googleusercontent.com",
          "client_type": 3
        }
      ],
      "api_key": [
        {
          "current_key": "AIzaSyBMoRLMY3Au-vLzoeBmCgz_pUzV4hizDD4"
        }
      ],
      "services": {
        "appinvite_service": {
          "other_platform_oauth_client": [
            {
              "client_id": "672597479717-djatjvisv3tijr9h3c4548rea1nihphi.apps.googleusercontent.com",
              "client_type": 3
            }
          ]
        }
      }
    }
  ],
  "configuration_version": "1"
}